{"cameraMode":{"drawMode":0,"name":"Shaded","section":"Shading Mode"},"sceneLighting":true,"audioPlay":false,"sceneViewState":{"m_AlwaysRefresh":false,"showFog":true,"showSkybox":false,"showFlares":true,"showImageEffects":true,"showParticleSystems":true,"showVisualEffectGraphs":true,"m_FxEnabled":true},"in2DMode":false,"pivot":{"x":-0.10026675462722779,"y":0.11509596556425095,"z":0.4861868619918823},"rotation":{"x":-0.10116854310035706,"y":0.8724090456962586,"z":-0.20409364998340608,"w":-0.4324503540992737},"size":0.32950258255004885,"orthographic":false}