{"cameraMode":{"drawMode":0,"name":"Shaded","section":"Shading Mode"},"sceneLighting":true,"audioPlay":false,"sceneViewState":{"m_AlwaysRefresh":false,"showFog":true,"showSkybox":true,"showFlares":true,"showImageEffects":true,"showParticleSystems":true,"showVisualEffectGraphs":true,"m_FxEnabled":true},"in2DMode":false,"pivot":{"x":8.460267066955567,"y":-10.645626068115235,"z":18.574539184570314},"rotation":{"x":-0.23536457121372224,"y":-0.2074655145406723,"z":0.05147324874997139,"w":-0.9481514096260071},"size":11.852887153625489,"orthographic":false}