{"cameraMode":{"drawMode":0,"name":"Shaded","section":"Shading Mode"},"sceneLighting":true,"audioPlay":false,"sceneViewState":{"m_AlwaysRefresh":false,"showFog":true,"showSkybox":false,"showFlares":true,"showImageEffects":true,"showParticleSystems":true,"showVisualEffectGraphs":true,"m_FxEnabled":true},"in2DMode":false,"pivot":{"x":0.19516471028327943,"y":-6.4723076820373539,"z":24.978235244750978},"rotation":{"x":-0.13638922572135926,"y":0.006543777417391539,"z":-0.000879794592037797,"w":-0.9906836152076721},"size":14.440942764282227,"orthographic":false}