{"cameraMode":{"drawMode":0,"name":"Shaded","section":"Shading Mode"},"sceneLighting":true,"audioPlay":false,"sceneViewState":{"m_AlwaysRefresh":false,"showFog":true,"showSkybox":false,"showFlares":true,"showImageEffects":true,"showParticleSystems":true,"showVisualEffectGraphs":true,"m_FxEnabled":true},"in2DMode":false,"pivot":{"x":19.154315948486329,"y":-17.131084442138673,"z":11.624449729919434},"rotation":{"x":-0.27683958411216738,"y":-0.4873522222042084,"z":0.16626280546188355,"w":-0.8113427758216858},"size":21.95720863342285,"orthographic":false}