{"cameraMode":{"drawMode":0,"name":"Shaded","section":"Shading Mode"},"sceneLighting":true,"audioPlay":false,"sceneViewState":{"m_AlwaysRefresh":false,"showFog":true,"showSkybox":false,"showFlares":true,"showImageEffects":true,"showParticleSystems":true,"showVisualEffectGraphs":true,"m_FxEnabled":true},"in2DMode":false,"pivot":{"x":1.2266855239868165,"y":-3.764744281768799,"z":26.186893463134767},"rotation":{"x":-0.10204340517520905,"y":-0.04266027733683586,"z":0.004400109406560659,"w":-0.9939046502113342},"size":18.25321388244629,"orthographic":false}