{"cameraMode":{"drawMode":0,"name":"Shaded","section":"Shading Mode"},"sceneLighting":false,"audioPlay":false,"sceneViewState":{"m_AlwaysRefresh":false,"showFog":true,"showSkybox":false,"showFlares":true,"showImageEffects":true,"showParticleSystems":true,"showVisualEffectGraphs":true,"m_FxEnabled":true},"in2DMode":false,"pivot":{"x":-0.5011487007141113,"y":0.28177815675735476,"z":0.05856189876794815},"rotation":{"x":0.1586158275604248,"y":0.641615629196167,"z":-0.13800488412380219,"w":0.7377532720565796},"size":0.04330126941204071,"orthographic":false}