{"cameraMode":{"drawMode":0,"name":"Shaded","section":"Shading Mode"},"sceneLighting":true,"audioPlay":false,"sceneViewState":{"m_AlwaysRefresh":false,"showFog":true,"showSkybox":false,"showFlares":true,"showImageEffects":true,"showParticleSystems":true,"showVisualEffectGraphs":true,"m_FxEnabled":true},"in2DMode":false,"pivot":{"x":-0.7569990158081055,"y":1.4982004165649415,"z":6.875917434692383},"rotation":{"x":0.07374273240566254,"y":0.002986994106322527,"z":-0.00022070950944907963,"w":0.997278094291687},"size":21.95720863342285,"orthographic":false}