{"cameraMode":{"drawMode":0,"name":"Shaded","section":"Shading Mode"},"sceneLighting":false,"audioPlay":false,"sceneViewState":{"m_AlwaysRefresh":false,"showFog":true,"showSkybox":false,"showFlares":true,"showImageEffects":true,"showParticleSystems":true,"showVisualEffectGraphs":true,"m_FxEnabled":true},"in2DMode":false,"pivot":{"x":-0.0010199937969446183,"y":-0.022860661149024965,"z":-0.047850072383880618},"rotation":{"x":0.04527140408754349,"y":-0.035635944455862048,"z":0.0016120673390105367,"w":0.9984157085418701},"size":0.21954411268234254,"orthographic":false}